<?xml version="1.0" encoding="UTF-8"?>
<configurationDescriptor version="100">
  <logicalFolder name="root" displayName="root" projectFiles="true" kind="ROOT">
    <df root="." name="0">
      <in>AIB.cpp</in>
      <in>BANK.cpp</in>
      <in>BOA.cpp</in>
      <in>BOI.cpp</in>
      <in>CARLOW_W.cpp</in>
      <in>CARPHONE_WAREHOUSE.cpp</in>
      <in>OSTM.cpp</in>
      <in>SWBPLC.cpp</in>
      <in>TM.cpp</in>
      <in>TX.cpp</in>
      <in>ULSTER.cpp</in>
      <in>UNBL.cpp</in>
      <in>WAREHOUSE.cpp</in>
      <in>main.cpp</in>
    </df>
    <logicalFolder name="ExternalFiles"
                   displayName="Important Files"
                   projectFiles="false"
                   kind="IMPORTANT_FILES_FOLDER">
      <itemPath>Makefile</itemPath>
      <itemPath>nbproject/private/launcher.properties</itemPath>
    </logicalFolder>
  </logicalFolder>
  <sourceFolderFilter>^(nbproject)$</sourceFolderFilter>
  <sourceRootList>
    <Elem>.</Elem>
  </sourceRootList>
  <projectmakefile>Makefile</projectmakefile>
  <confs>
    <conf name="Default" type="0">
      <toolsSet>
        <compilerSet>default</compilerSet>
        <dependencyChecking>false</dependencyChecking>
        <rebuildPropChanged>false</rebuildPropChanged>
      </toolsSet>
      <flagsDictionary>
        <element flagsID="0" commonFlags="-std=c++14 -fgnu-tm"/>
      </flagsDictionary>
      <codeAssistance>
      </codeAssistance>
      <makefileType>
        <makeTool>
          <buildCommandWorkingDir>.</buildCommandWorkingDir>
          <buildCommand>${MAKE} -f Makefile</buildCommand>
          <cleanCommand>${MAKE} -f Makefile clean</cleanCommand>
          <executablePath>app</executablePath>
        </makeTool>
        <preBuild>
          <preBuildCommandWorkingDir>.</preBuildCommandWorkingDir>
          <preBuildCommand></preBuildCommand>
        </preBuild>
      </makefileType>
      <item path="AIB.cpp" ex="false" tool="1" flavor2="11">
        <ccTool flags="0">
        </ccTool>
      </item>
      <item path="BANK.cpp" ex="false" tool="1" flavor2="11">
        <ccTool flags="0">
        </ccTool>
      </item>
      <item path="BOA.cpp" ex="false" tool="1" flavor2="11">
        <ccTool flags="0">
        </ccTool>
      </item>
      <item path="BOI.cpp" ex="false" tool="1" flavor2="11">
        <ccTool flags="0">
        </ccTool>
      </item>
      <item path="CARLOW_W.cpp" ex="false" tool="1" flavor2="11">
        <ccTool flags="0">
        </ccTool>
      </item>
      <item path="CARPHONE_WAREHOUSE.cpp" ex="false" tool="1" flavor2="11">
        <ccTool flags="0">
        </ccTool>
      </item>
      <item path="OSTM.cpp" ex="false" tool="1" flavor2="11">
        <ccTool flags="0">
        </ccTool>
      </item>
      <item path="SWBPLC.cpp" ex="false" tool="1" flavor2="11">
        <ccTool flags="0">
        </ccTool>
      </item>
      <item path="TM.cpp" ex="false" tool="1" flavor2="11">
        <ccTool flags="0">
        </ccTool>
      </item>
      <item path="TX.cpp" ex="false" tool="1" flavor2="11">
        <ccTool flags="0">
        </ccTool>
      </item>
      <item path="ULSTER.cpp" ex="false" tool="1" flavor2="11">
        <ccTool flags="0">
        </ccTool>
      </item>
      <item path="UNBL.cpp" ex="false" tool="1" flavor2="11">
        <ccTool flags="0">
        </ccTool>
      </item>
      <item path="WAREHOUSE.cpp" ex="false" tool="1" flavor2="11">
        <ccTool flags="0">
        </ccTool>
      </item>
      <item path="main.cpp" ex="false" tool="1" flavor2="11">
        <ccTool flags="0">
        </ccTool>
      </item>
    </conf>
  </confs>
</configurationDescriptor>
