<?xml version="1.0" encoding="UTF-8"?>
<project-private xmlns="http://www.netbeans.org/ns/project-private/1">
    <code-assistance-data xmlns="http://www.netbeans.org/ns/make-project-private/1">
        <code-model-enabled>true</code-model-enabled>
    </code-assistance-data>
    <data xmlns="http://www.netbeans.org/ns/make-project-private/1">
        <activeConfTypeElem>0</activeConfTypeElem>
        <activeConfIndexElem>0</activeConfIndexElem>
    </data>
    <editor-bookmarks xmlns="http://www.netbeans.org/ns/editor-bookmarks/2" lastBookmarkId="0"/>
    <open-files xmlns="http://www.netbeans.org/ns/projectui-open-files/2">
        <group>
            <file>file:/media/zoltan/Data/00_2018_ITCarlow/00_Modules/06_Project/Documents/Git_Sync/All%20Resources/Object_STM/main.cpp</file>
            <file>file:/media/zoltan/Data/00_2018_ITCarlow/00_Modules/06_Project/Documents/Git_Sync/All%20Resources/Object_STM/OSTM.cpp</file>
            <file>file:/media/zoltan/Data/00_2018_ITCarlow/00_Modules/06_Project/Documents/Git_Sync/All%20Resources/Object_STM/TX.h</file>
            <file>file:/media/zoltan/Data/00_2018_ITCarlow/00_Modules/06_Project/Documents/Git_Sync/All%20Resources/Object_STM/OSTM.h</file>
            <file>file:/media/zoltan/Data/00_2018_ITCarlow/00_Modules/06_Project/Documents/Git_Sync/All%20Resources/Object_STM/TX.cpp</file>
        </group>
    </open-files>
</project-private>
